Manufacturer,Model,Manual,Line
Ableton,Push 3,https://www.ableton.com/en/push/manual/,
Ableton,Live 11,https://www.ableton.com/en/manual/welcome-to-live/,
Ableton,Note,https://www.ableton.com/en/note/,
Teenage Engineering,OP-1,https://teenage.engineering/products/op-1/original,
Teenage Engineering,OP-Z,https://teenage.engineering/products/op-z/,
Teenage Engineering,PO-12 rhythm,https://teenage.engineering/guides/po-12/en,Pocket Operator
Teenage Engineering,PO-14 sub,https://teenage.engineering/guides/po-14/en,Pocket Operator
Teenage Engineering,PO-16 factory,https://teenage.engineering/guides/po-16/en,Pocket Operator
Teenage Engineering,PO-20 arcade,https://teenage.engineering/guides/po-20/en,Pocket Operator
Teenage Engineering,PO-24 office,https://teenage.engineering/guides/po-24/en,Pocket Operator
Teenage Engineering,PO-28 robot,https://teenage.engineering/guides/po-28/en,Pocket Operator
Teenage Engineering,PO-32 tonic,https://teenage.engineering/guides/po-32/en,Pocket Operator
Teenage Engineering,PO-33 K.O!,https://teenage.engineering/guides/po-33/en,Pocket Operator
Teenage Engineering,PO-35 speak,https://teenage.engineering/guides/po-35/en,Pocket Operator
